event_id,particle_id,pT,eta,phi,Parameter,Value
0,0,38.81896435079762,2.37045850412414,3.052694704966989,seed,2025.0
0,1,82.88765326780387,-0.3805207534824695,5.959723656917379,n_particles_min,12.0
0,2,83.88827234280897,-2.1842805270340597,5.821427861962839,n_particles_max,15.0
0,3,97.60509200553874,-0.0420675777347673,4.775853772331159,pT_min,1.0
0,4,8.645277857136861,-1.058283130842847,4.9136142309592525,pT_max,100.0
0,5,32.42818455771203,-1.4419183460342082,1.7461471319716153,eta_min,-2.5
0,6,92.03598528290794,-1.462838095452749,3.2523120064384936,eta_max,2.5
0,7,67.9110869333595,0.3951026454372885,5.055334572399583,n_events,50.0
0,8,29.296668620996087,0.4542513088249639,4.812985854628158,,
0,9,39.56475945783036,1.940322454984753,3.6044235515122818,,
0,10,23.79173637902778,-1.9508352218174076,5.349628387050803,,
0,11,17.529153915515394,-0.018489305719328,5.353435116884856,,
0,12,16.190206468919254,-1.049338682432317,2.33180548283192,,
1,0,46.25317467768912,1.267134164990031,0.3793103766730206,,
1,1,30.817059402734387,2.343899007961955,0.5312258125101214,,
1,2,81.24234276082376,2.2764913971107847,1.0517902352215849,,
1,3,49.884424291670825,2.155371951820689,5.184860109345728,,
1,4,56.73490322441093,0.6870979144631362,6.213927762476505,,
1,5,48.70089744721082,-0.5000571231723816,2.5859523095053234,,
1,6,26.12830526266709,-1.7986575503034037,6.213199286703,,
1,7,98.36921858310262,-0.5660428580861565,5.369777320034745,,
1,8,55.52522857158102,-0.924140611945536,0.993284479744885,,
1,9,97.00595133029977,0.5557853316983552,4.691921298362527,,
1,10,23.31995152489294,0.2895781679610937,3.7975548246137674,,
1,11,90.1193654481782,-1.951259252908248,3.475910157673132,,
1,12,32.957475544768265,-0.0988550376182623,4.153771499733484,,
1,13,33.62713638415045,1.689823920237662,6.166640958316691,,
1,14,71.60124013371374,0.7891265193933461,1.1974514358333566,,
2,0,34.64557021156115,-1.3009843391671576,2.89205660078352,,
2,1,77.62444850725547,1.8761107778283403,3.2384308255168994,,
2,2,28.69627454905716,1.5450399085662974,4.218482818263757,,
2,3,25.4955999452956,0.3830797370708239,1.6309993443974913,,
2,4,7.136553500836007,-1.1608456574995751,3.499932992801458,,
2,5,68.08758097457867,0.7732156272155166,0.4066535735907004,,
2,6,37.14104580756664,0.7323210667440622,1.5316689892750202,,
2,7,43.526082246885046,0.512632141901172,4.235904675440818,,
2,8,99.02791064134932,-2.4551846253859875,6.056288241232172,,
2,9,32.21343158211023,-1.0189032761512156,2.318540618101097,,
2,10,82.54600964094344,-0.2492310267259823,3.44794284942096,,
2,11,55.70624416435577,1.1578021635571412,3.313461139405927,,
2,12,13.379619531731873,0.3089115947165305,2.2290360218068748,,
2,13,25.45130493886417,-0.7095112772205275,3.863226015564632,,
2,14,11.252518321232042,1.5357181274216158,3.699546237108707,,
3,0,19.96843774445389,0.2794107500109832,4.120960356061669,,
3,1,10.842981404399527,2.292094073593117,1.1683552353162092,,
3,2,39.88884561752068,2.212490774762609,0.3627661794952719,,
3,3,32.67599512066581,-1.497132023788696,2.0741031659271174,,
3,4,51.13846623721942,0.870556930110224,6.079133818106225,,
3,5,22.28996716873115,1.548170795963102,3.5446873984509364,,
3,6,99.70953193128403,0.1864118165037687,5.858084355588176,,
3,7,33.39025249042527,0.9286560135114412,1.723645264091419,,
3,8,62.21451455147185,-1.999393349180928,2.846338950795388,,
3,9,41.37861712467831,-0.9806186059549044,1.3777799207579822,,
3,10,7.461847626160774,0.9597341446249724,4.818196332675623,,
3,11,86.29034068652057,-0.1324126437108497,1.727178272033711,,
3,12,39.407464758699085,1.0327226267479317,0.2074135306549461,,
3,13,35.80636261798473,-0.2657823195383707,4.402493267138017,,
3,14,3.1928345782248244,-0.9283798708640616,2.4021649666937064,,
4,0,41.80641921065144,-2.0532058518250604,3.5918017601478223,,
4,1,45.53596453204464,0.5361277402459136,5.673096553934708,,
4,2,19.14667091697399,-0.8263880219335012,0.4283901718909471,,
4,3,79.1787054035088,-1.1822166480447285,4.479993862129844,,
4,4,58.741908279701626,1.7197465805675571,5.775549669967375,,
4,5,53.98239370471182,-1.9525291555429924,0.7898069518117039,,
4,6,54.32332355713204,-1.8261681007546968,4.91772453694902,,
4,7,76.18143406988987,-2.42037895536324,2.196711780037333,,
4,8,13.878788942039916,-0.3762426588832396,1.0365580407745951,,
4,9,69.46796525876118,-0.903930049311074,0.4259469163278829,,
4,10,99.61689103998,0.998986369118795,6.1451613092787705,,
4,11,62.23495099062603,-2.341946716535919,5.212606080316119,,
4,12,95.69284217175402,1.6141572235030028,4.659500236718121,,
4,13,27.65739141333224,2.483480373114303,3.790261900283674,,
4,14,12.402946944856346,0.5203123659975512,1.7805800715138915,,
5,0,47.44632721323369,-1.605680487086164,2.2802856315978124,,
5,1,15.218496280131037,-1.169328236891427,1.8641579434135755,,
5,2,5.435117687432745,0.7290205647672926,0.4093142292743271,,
5,3,72.89642461282546,1.2529908863300658,5.584465211728535,,
5,4,48.07228060563797,0.8110449169941408,3.076714202181163,,
5,5,91.7898665168372,-0.139745017656635,5.89111811449772,,
5,6,19.76492955097224,-1.8187894888895115,2.9055914762920776,,
5,7,52.83714808317721,-2.4616347453252327,2.965137051577437,,
5,8,67.95728467010399,-2.2260765846282493,4.879724694984984,,
5,9,37.35825937535651,2.290901983637072,0.6513032187896507,,
5,10,41.5343970577848,-2.287783708774405,4.367142391569425,,
5,11,99.77497277203815,-1.4114548029915426,2.721101075078483,,
6,0,62.24905433495203,-0.0885940027395248,0.2688009674430875,,
6,1,48.69506386365464,0.0563917647696476,0.0419984434202027,,
6,2,35.73905044260362,2.146290697255857,0.9327300387794956,,
6,3,90.12979450529366,-0.9571571250190936,3.015909786519907,,
6,4,65.53240580053776,0.3925001167829528,5.030820358323502,,
6,5,51.742159135712896,-2.294923257311688,6.233825010602232,,
6,6,95.3677120205332,0.2926889615687106,3.5906096666130223,,
6,7,66.9671343865007,-1.7986871662506192,4.333937783479416,,
6,8,2.39437579597582,-1.9219565690930729,1.6774663775694758,,
6,9,80.52228781633727,-1.4667097977089711,2.5200473472921776,,
6,10,74.4776253416648,-0.2267142139049155,1.6256736058779973,,
6,11,64.0031856471325,1.659362299263469,3.463916674840874,,
6,12,55.28912423554576,-2.105535126706508,4.68947804421466,,
7,0,12.389113533276408,-1.6163964421491328,4.040260630798268,,
7,1,54.21013110366842,1.7996276232741426,4.349213652791042,,
7,2,19.61420316061384,1.577138536380357,4.7259907772379055,,
7,3,71.54329493253805,-2.0591296417027327,0.0327269066396819,,
7,4,39.6847743583985,2.0815868881041832,5.921786385387451,,
7,5,36.8700503091567,-1.1025872564965933,1.1655153663771582,,
7,6,45.71957646570605,-1.73433980791457,5.560901735293387,,
7,7,42.45325912120788,-1.2630538991308595,1.8087261251604347,,
7,8,40.71107058213857,1.666068860461244,3.159894270074105,,
7,9,82.6598236351632,1.0986820625897542,1.7988261961830094,,
7,10,43.44651042682108,1.517321606475623,0.6739901425341221,,
7,11,68.5893205724573,0.8015226122361102,6.227680913163412,,
8,0,18.477648182491777,0.8999265556886848,4.183134322631119,,
8,1,59.43648037428592,1.6661331400637835,6.157556125934189,,
8,2,26.105550389580884,1.3971242295466624,1.871298081616531,,
8,3,27.263141163245766,2.33086797877807,3.341881660360237,,
8,4,24.32409504887979,0.6706036182836167,5.110133497740669,,
8,5,43.98667038891809,1.600778548702431,1.4380919223197366,,
8,6,14.736862787276609,-1.2716460056254617,4.978312933384931,,
8,7,37.63278381552182,-0.5383665220494127,3.963990371425784,,
8,8,90.21429783780354,1.7091349260172115,3.056282552230706,,
8,9,57.73313621480576,-1.317546217597367,1.254802959361185,,
8,10,48.10508214960028,-0.5975094149747479,2.589422317556516,,
8,11,40.76666060923891,-1.731316754495993,4.886842159670458,,
8,12,95.57254182737135,-1.4994917848660654,5.768220542410796,,
8,13,71.09251688995106,-2.032010584539617,1.0043980566922623,,
8,14,58.90020461394906,2.4773592633659614,1.5770082586762977,,
9,0,90.02337633861691,2.0153561679521763,4.0749881067400455,,
9,1,98.64017057377924,1.7821104034568245,3.893988489119837,,
9,2,90.22704436920432,1.4705669760448583,1.3995571594022589,,
9,3,94.78159268704223,-1.1003190683583757,4.04327433347713,,
9,4,25.20735226662144,0.0609296144777299,2.5949764268997,,
9,5,20.566622861030517,-1.753033887562494,0.3875795876175648,,
9,6,62.20906823202694,0.9374717571634072,0.7762125789232379,,
9,7,9.306180525060636,0.6356828369978584,4.054952030367837,,
9,8,2.6280308713528138,-0.470408229770996,1.7359068571891838,,
9,9,84.85111756870124,1.7941691499693508,5.145135889363205,,
9,10,21.196194860450152,1.0598578259528972,1.6460858134883103,,
9,11,36.2198176692042,1.9955713822024963,1.7975841918788624,,
10,0,47.43720440937224,-0.2442672884492575,2.169747090676938,,
10,1,70.79641410179862,1.198101713077539,2.6051777888827887,,
10,2,86.74356294722621,2.472998790262899,2.4942274702963902,,
10,3,80.48393165738555,-1.3504865703540507,3.646823894288143,,
10,4,13.84523528993958,1.848846619291138,4.887561727617371,,
10,5,69.57475818703342,-0.8989204836108,4.009585391778936,,
10,6,68.74880649623158,-0.2044880062473153,5.161059172896188,,
10,7,88.12384400060841,1.9313125233314548,2.401911809200405,,
10,8,41.57805188868375,-0.6367192772280672,1.5685771472199428,,
10,9,3.765038660591821,2.352653737458617,6.172282620469724,,
10,10,37.27062091565909,0.6161733686731385,3.4286239197051214,,
10,11,5.081229792147257,-2.363582581233721,5.968282397844433,,
10,12,88.38346626581898,-0.4070440745926185,4.495354269218969,,
10,13,80.92430430728214,1.2643103060027068,2.2882224945906966,,
11,0,38.38763873759152,-1.178164021540723,3.571903063845212,,
11,1,12.292588381792344,0.776015826534,3.6500866069254023,,
11,2,7.337710610835966,1.356418187631463,2.892877991725492,,
11,3,77.45198522457841,1.336648823331505,4.724210554094856,,
11,4,91.99640322003408,0.1964563920342393,6.232467976238141,,
11,5,17.23475337858633,0.5965379821283495,5.71335862806747,,
11,6,23.910631800057956,-1.88428489251508,1.4594491219839405,,
11,7,19.451466671755576,2.082693650826552,1.1711346168381915,,
11,8,27.42087212293319,1.968224480278381,5.327397969771755,,
11,9,91.57848032040806,1.6597366955637165,5.794514421814049,,
11,10,58.25057841132931,1.055102224900758,4.965273083359167,,
11,11,36.101990524499854,2.4112089964530448,5.495243401728242,,
11,12,70.5899561971911,1.2612997397401116,2.2691338477567644,,
12,0,29.081557059509304,0.0178957489492742,0.7181350039595267,,
12,1,17.844237500954527,-1.7793232038922089,1.1221865177386734,,
12,2,77.4479141126158,0.3770648760079226,5.461293627135192,,
12,3,99.02023102086464,0.0153482256716391,6.1435455951235225,,
12,4,59.16886125909056,-2.1932364962016138,3.259695999293795,,
12,5,80.51347713579874,0.090302129649144,0.0044367529479405,,
12,6,47.90383057881071,-2.4790072877440075,1.209406559614753,,
12,7,44.32388198988435,-0.0953786099079623,2.642818767724678,,
12,8,22.39765414565289,0.7581390955024686,0.3745036166210378,,
12,9,58.13329237742059,0.1884369461371998,2.738587297067471,,
12,10,80.82938114227656,-1.7956292262835531,0.0567143520659467,,
12,11,13.984200660377075,-0.5866225477509723,5.711901746686076,,
12,12,32.870557289788415,-0.6569579092356764,3.8652033418987,,
13,0,58.45253637664139,1.0523617897260271,0.5104585181278545,,
13,1,21.68695494557634,1.712319417626682,4.745672711686436,,
13,2,59.30665263973717,-0.142219787956595,6.125430925259988,,
13,3,18.152090027794376,-1.1125084338041629,1.4963099140838163,,
13,4,84.51674774914105,1.4442784083427895,1.909780645789484,,
13,5,97.48919067551836,-1.81506406324691,0.0919355376122578,,
13,6,36.96424384689509,-0.9772347552024652,1.9014303432239388,,
13,7,90.61128995629888,0.4144650836272517,0.4586292403232259,,
13,8,88.91612610072806,0.2394330048426962,6.088900375819861,,
13,9,59.29628443055389,-0.5986714176475133,5.583333071914976,,
13,10,70.02711422305478,-2.1371394514786206,0.1009386855791666,,
13,11,31.060232815446252,2.442351898853083,3.2384346105211668,,
13,12,64.31571620493371,-0.9844461620084828,0.378182901303869,,
13,13,36.31541652634862,-0.458388944960324,1.532062746045302,,
14,0,9.078929486177872,-0.7188142523211843,6.244483371658667,,
14,1,19.144943714961837,-2.1511811115567205,5.771216718591309,,
14,2,21.312231405042272,-0.1853728828050488,3.004643949089944,,
14,3,71.71420560559562,0.105121642504869,3.425928343069129,,
14,4,52.17534307915073,-2.1066004258917923,4.383399021962182,,
14,5,8.462438706613591,-1.5662441806206933,1.449055231299261,,
14,6,2.269548093108312,1.3617042637604242,1.74583300113242,,
14,7,69.45726326425115,1.2906181629944498,1.4511109041879622,,
14,8,44.88325798351771,1.1990952382858229,1.137468568476092,,
14,9,24.922350695653197,0.3812129241920525,3.506982900966216,,
14,10,33.42354130791308,0.1243455087005968,2.74984225423912,,
14,11,35.27222217771146,0.8947649713198264,2.491716048186515,,
14,12,77.2091441215704,-0.0025066414629032,1.8745731831757924,,
14,13,22.22549089000136,-1.9546583228157488,0.1793520674282958,,
14,14,37.88555289165128,1.4382450870613246,0.112299606782857,,
15,0,64.42399739525577,-2.232832765621908,0.2934995250046449,,
15,1,67.35862299414174,-0.5332746736400878,1.6277106751935295,,
15,2,63.37594135320996,1.5414365408560815,4.527881943359359,,
15,3,7.273274742567208,0.2820830993192208,3.148976401854327,,
15,4,33.13440701495297,-0.1096274049262924,2.5020442867813317,,
15,5,53.13303720844253,2.109229753710366,5.97318513493223,,
15,6,40.718937498521285,-0.1595218848684265,4.150919647528218,,
15,7,34.51690181070954,1.6342149051001846,1.972497573317969,,
15,8,97.11287042686853,-2.016269573885578,4.992698869595462,,
15,9,39.35906236017286,1.2989772870567318,4.985862306159516,,
15,10,81.42756729032057,-1.6370075051941446,1.8762009518039375,,
15,11,48.37984939932057,-0.6346547833282179,3.9097960919036128,,
15,12,83.48382331023885,1.6314612623317788,5.220829128739525,,
15,13,23.17097910262648,-0.6709902852178895,3.448764600310048,,
16,0,85.27724592761048,1.465590869230255,3.1120718144997888,,
16,1,59.9472788102035,0.7657260689142298,3.654374092327216,,
16,2,86.67655277208593,2.038763727082574,2.2137479665785977,,
16,3,80.68872075319659,0.2734117599334273,0.2473997408224774,,
16,4,72.21145383635577,-1.964061995695855,4.074761505605146,,
16,5,71.73610705244988,2.245538115803721,4.6916645035362725,,
16,6,33.497079742072394,-0.5126487021674259,0.5950321690336368,,
16,7,74.89067086956629,1.0648990182329947,1.0323518930812652,,
16,8,40.58349982793893,-1.905210128959248,3.1692908639922925,,
16,9,56.461182183546505,0.6995139016707674,2.4930554562913563,,
16,10,23.09576958703048,-0.1926173865749336,5.833269345742381,,
16,11,35.96739695830021,-2.1291184161369032,3.308077693404235,,
16,12,74.32564799659704,-1.0312057122304412,4.191219294695551,,
17,0,23.7719447825874,1.6057747039892734,1.1111690657350863,,
17,1,1.653026088504581,-1.8873255294105056,4.63852148648083,,
17,2,65.06330247647375,-2.3270088650777225,1.2395870904749542,,
17,3,33.915772297892545,0.371891605634187,2.7286776508609467,,
17,4,31.443045578623355,1.5726939428269966,3.5553339699538244,,
17,5,52.74149424900981,-0.3511532528086353,0.8445650791292704,,
17,6,52.11213754987038,-2.4678566074848955,3.438800408048676,,
17,7,79.02590704496613,0.3113589364567543,5.593718735684941,,
17,8,43.35697459476844,-2.1800509563987074,6.078616691150174,,
17,9,34.623713108685685,-1.9975456120830497,5.798942132334787,,
17,10,70.27425717470463,-1.9442937310147808,1.2251375887209472,,
17,11,52.05927455134768,-2.2530218123138006,1.4138755621334282,,
17,12,32.035871873008425,-2.4580424095817284,5.3232251982797685,,
17,13,48.53644658608759,1.03796428988856,1.2034370102479313,,
18,0,82.29570907774297,2.340374607131153,6.214039203629775,,
18,1,23.72348368440071,2.249058497683276,2.918912282358681,,
18,2,19.720378578663823,1.6781604274844897,2.495810746469683,,
18,3,53.287383796416165,1.5953577000052084,3.654469769282156,,
18,4,92.04488246198224,-2.4168106009713304,2.1348054613547958,,
18,5,94.22245609273544,-0.841217500457071,2.784982085910485,,
18,6,3.741868452916542,1.1302442306354532,0.7920440917470667,,
18,7,18.36186677516682,2.3675227159817536,5.793707427357353,,
18,8,11.21885536972102,0.6756876698884173,6.120944462006843,,
18,9,92.16973216787969,0.8428746523512676,5.241132467580016,,
18,10,65.94614177557902,0.5347358769255939,6.11081649184727,,
18,11,16.842148172870363,2.2973262276569533,5.221220276173112,,
19,0,50.39557879902532,-1.676335906889186,0.9589701971060296,,
19,1,37.50695450534253,-2.4216688524794074,2.992185389084248,,
19,2,44.08883549396222,-1.5837102098172462,3.758613404920738,,
19,3,29.74674669939633,1.5669102833967308,5.35343198035667,,
19,4,5.467871833136809,-2.4082592835235097,0.5810862648445366,,
19,5,37.04376921158491,-0.2501057577595927,3.657670383113343,,
19,6,61.82867163720569,-1.4940119674111765,5.526758025730571,,
19,7,30.584330755978996,-2.0666661676874143,3.37334571737483,,
19,8,2.4671733478626754,-1.1908987942272793,2.80722408333244,,
19,9,80.33205796530716,-1.8624120237805792,1.2193097076861756,,
19,10,64.87622059694435,0.0824648553601814,4.779977493416049,,
19,11,19.16258074267316,-0.5222475109313174,4.658532342421721,,
19,12,89.86191614743086,-1.4159220309152245,0.7345863876394859,,
19,13,81.05220012991366,-0.0166825107390017,5.240192182022937,,
20,0,97.56510532989368,-0.0484552743087896,2.839822059041404,,
20,1,93.98257273700088,-0.1808752125221224,0.0157235709475703,,
20,2,58.9427384545851,0.4159036651480141,3.2953281474627723,,
20,3,13.143958907198993,-1.9389647615024648,0.3579288928880741,,
20,4,94.58616923449974,-1.739895381778553,1.290215049847787,,
20,5,76.75766258570793,-1.1599110765215537,1.2707604456036354,,
20,6,88.48957734101366,2.1159872548005505,3.9838285170305214,,
20,7,7.1145175829797385,-1.5295225164311763,5.181151829463732,,
20,8,77.58749501599148,0.9573865864330204,1.3368445158342732,,
20,9,85.53283896415925,2.307569015741381,1.2294148239156864,,
20,10,66.60645029854382,-0.2663417182213268,4.218440687839462,,
20,11,60.11111128946583,0.7693237664585539,2.8189187752020044,,
20,12,88.12933231134552,-0.8560263975986449,1.0796281241883954,,
21,0,66.52206764922173,-1.3626995275605802,0.496169849844402,,
21,1,16.39201065217603,-0.6953796608065949,4.291589196379597,,
21,2,29.63419785112442,1.4445024432818576,2.7452837518649185,,
21,3,41.0618448082797,1.0864228112039491,0.7089167801119343,,
21,4,87.80157699068889,-2.392111308585974,0.4520302530760734,,
21,5,39.23696412551149,-1.293870017578986,3.2757284411552234,,
21,6,19.890517042035786,-1.4531974634945195,5.895247041856304,,
21,7,46.48813254929093,-0.9788256179876464,1.5918529368495369,,
21,8,48.3982585397618,2.4761371169314343,2.1152086381048845,,
21,9,52.18489066307048,-0.6184636652157438,5.780764455566979,,
21,10,64.3963399028856,1.6489585244985905,3.161310984989059,,
21,11,9.19706289472684,1.7926082432177093,6.127853666203848,,
21,12,69.10892236378413,-1.6686694566184097,4.992082494428684,,
21,13,57.54599502194791,0.3346933358311516,0.0533313301973234,,
22,0,43.27535046416472,1.4202323830961956,4.291404267655422,,
22,1,72.84853309164475,0.9480899155613398,4.640009000406715,,
22,2,90.81651497722152,-0.8112816216914881,5.081287161871095,,
22,3,88.3530899109384,-1.5518518013990334,1.055752784900308,,
22,4,33.76085041863281,-1.3854983655226172,4.824408868293276,,
22,5,16.87445503498369,-1.7181724181883085,2.996426921448834,,
22,6,83.4106731210831,0.1324731622190472,0.3611718420676656,,
22,7,85.13714669676698,0.4115074314249595,5.010044739647005,,
22,8,71.16088635262093,-0.3668591742386823,4.016237864348001,,
22,9,75.86067060975613,-0.1527773963451806,1.3899241782577447,,
22,10,13.210372897794866,2.3530242732727755,1.4565906096018886,,
22,11,42.55734154818054,-0.2913127836168533,2.971392044367495,,
22,12,68.86344841574541,-0.855657141693309,2.980595502859359,,
22,13,41.67403243658791,-1.8373508083704864,5.680591081282513,,
23,0,65.11405594568907,0.771482153504402,3.5085494874249705,,
23,1,79.93869134886756,1.457448292213321,2.0721402212292643,,
23,2,43.93918325952971,-1.4174987294464518,1.7322708092808987,,
23,3,75.21245240953664,-0.7642516514062042,3.9345974930080847,,
23,4,68.2356753100176,0.6345202098907599,1.9254400276271733,,
23,5,62.48472078975861,-0.6915649543596553,3.549967560265758,,
23,6,8.115114696433373,-0.534582400251144,5.126616563901351,,
23,7,95.61165640293422,2.4172215250098548,6.226795124133645,,
23,8,70.32387932229929,2.302347088427936,3.2332637564598703,,
23,9,12.842584997414663,0.3145147767627371,0.1974431096812512,,
23,10,60.51939819823573,2.458698713925009,1.899652421305408,,
23,11,38.064258850812095,0.8581937207070672,0.4179683954460449,,
24,0,11.675904673641051,-1.569909181243666,5.2382533953438,,
24,1,6.013183746694712,-1.7920730809335483,2.8001028829062147,,
24,2,5.84895238402247,-2.13575654903205,4.848781194396661,,
24,3,88.77697042329766,2.2462927854628685,1.2976915329583334,,
24,4,29.74786765340708,-1.0392447981749493,3.007677778994561,,
24,5,44.4642329264796,2.491159804599522,0.0258334732712986,,
24,6,42.089127537739614,-0.3453908999003979,1.2328538103341624,,
24,7,3.06549791524576,-1.560715097626963,4.589773545961068,,
24,8,17.611646492849555,-0.87209563410166,4.307926066045437,,
24,9,90.42139646536684,-1.7403783155771473,4.0854166562530665,,
24,10,48.43408548569329,0.7368253294235705,4.722282966891114,,
24,11,96.5672984229288,2.2134039408639583,3.454264687077685,,
24,12,36.39358211916958,1.0686556420457904,0.1467266949984912,,
25,0,66.33174181832325,-0.1413347846476192,4.674764946505305,,
25,1,28.18927767214577,1.2913680139230777,2.247822875335725,,
25,2,38.43703502971742,1.038059273062261,0.1806716348739148,,
25,3,52.64997989807628,-2.45740059088773,5.584201009957685,,
25,4,30.43785350450103,-1.1445493822585524,4.053736725057306,,
25,5,84.48614620519442,1.1891808989238983,4.280127039880463,,
25,6,38.952633794446925,1.0136292563857463,3.902764089088731,,
25,7,82.8224103636331,-2.090027640764156,1.875283208083216,,
25,8,28.857989351163265,2.192026636271017,1.9061196155589968,,
25,9,48.48579902557721,-0.9441999791513406,5.107005365653919,,
25,10,40.25540112177715,-2.0953583297745144,1.9862038571951623,,
25,11,32.70459655063924,-2.279210132420752,5.720225255838843,,
25,12,58.081887850383474,-2.189047755789779,0.1522737351484741,,
25,13,45.39090327972243,-1.457221659406106,2.3793090467264766,,
26,0,77.0024384298554,-1.883655923581471,0.4188897445875043,,
26,1,3.183040988231995,-0.9079920026715376,4.149355265686954,,
26,2,30.347229351393317,-1.8005058515768224,0.1398860224512524,,
26,3,42.35725644914018,1.684485856379128,5.830589893627196,,
26,4,26.898876769282275,-2.076285200932894,0.2437219385191723,,
26,5,32.45419430996935,-1.3548448015127357,5.679302120195917,,
26,6,26.632109791650528,1.0908085683951767,0.669470662756887,,
26,7,44.58556321218878,-1.770524560264151,4.618356143495249,,
26,8,60.703770443753626,1.368708107057579,5.307081196192972,,
26,9,9.214222907471196,1.454136082989308,2.3443370774416263,,
26,10,9.69703338764662,1.3506908080736897,1.586404314381505,,
26,11,19.21087183886996,1.4871175132549657,2.954947059889253,,
26,12,89.2337155892208,-0.3232808504992346,1.6645009659355798,,
27,0,60.294024950746966,2.0378679090742446,1.5808294037097883,,
27,1,99.67577558760829,1.883205887351953,3.428477108521309,,
27,2,95.77409117368605,0.8040397046074821,1.8583876374703636,,
27,3,44.15538801785394,-0.9845516649538432,3.4337678225409065,,
27,4,66.05910707848246,2.282181665220755,0.205249487298543,,
27,5,58.72421009105504,0.7692882786559191,3.5844653016989105,,
27,6,64.7366833734147,-1.5554223660985922,3.58136079400693,,
27,7,32.79438329690394,-0.9451382126300806,3.1111668993037345,,
27,8,20.54869272298202,1.3267933106079677,0.2614848828243886,,
27,9,58.771062563972606,-0.6992762296580302,3.6245931436339833,,
27,10,69.93746022127155,-1.107034928904154,1.2973840774653036,,
27,11,82.7246329341135,0.3361201606594322,2.027811675477287,,
27,12,43.09400557172499,0.6396230584458112,1.680832027360528,,
27,13,71.2229732711756,1.5964233801647163,0.3206079179895613,,
27,14,38.20227255219797,0.0747260214109435,4.314654637260104,,
28,0,6.791934450207771,0.9442697653337084,0.5620944007295908,,
28,1,51.63803377327262,0.2660371682000961,4.306165615065345,,
28,2,38.690108497695576,-1.9862131252710031,3.105673582200497,,
28,3,59.61855906872856,-0.4196267286998234,4.555478945208931,,
28,4,85.75739976395691,0.8582610056128503,2.454004267012408,,
28,5,7.280841266123168,1.7057384616687077,2.0795758317904034,,
28,6,79.00903844379577,1.3184670395218796,1.007949720759208,,
28,7,88.51843029279576,-1.6700380344194126,0.0428163268464727,,
28,8,92.74621565683816,-1.0365850823557488,0.5723779502095341,,
28,9,66.30050978132387,0.309148291951466,0.0988415330720025,,
28,10,56.35819117480453,0.3785332083939891,3.431452266741213,,
28,11,76.95143704014853,0.5810439816680801,1.932804673788037,,
28,12,2.911719293103229,-0.8179809135185795,3.1124791969414787,,
28,13,17.222729858116136,1.8683713379004523,1.4732871166281711,,
29,0,93.5748792661605,0.8214328720781755,0.4499576737685928,,
29,1,82.8728194302333,-1.7745481413340305,5.519537563099659,,
29,2,10.610514704512775,-2.29151292373326,3.512855738511659,,
29,3,24.298070191269417,0.4621780285939436,1.585456675585696,,
29,4,45.59082525898403,-0.6652415815918256,3.278946502618925,,
29,5,33.79790709589437,0.7527832216093128,5.868383812163873,,
29,6,51.21379418757357,1.433635548379587,3.215525601664327,,
29,7,69.97229409515639,-0.4713768816595426,3.578118420335633,,
29,8,97.47798596229364,1.8636822863419276,4.754410848550895,,
29,9,59.81040216578328,2.253315374845152,0.6615612386283457,,
29,10,6.078671172185747,0.3776502055662772,6.24616904104038,,
29,11,38.34736234287508,0.6908696227176336,4.507706913128735,,
29,12,35.37361769734956,0.2118010043205592,5.803193125697196,,
30,0,79.74344880951993,-0.407319953290286,5.621172135520104,,
30,1,63.938699822791165,1.9848376266359584,3.158194246140775,,
30,2,95.73346509277717,1.4067813090320542,4.910360596381077,,
30,3,57.28568259066532,2.2254285261404183,5.5420924490904255,,
30,4,33.99692537701575,0.1704983451623637,0.5082265693604608,,
30,5,75.43035085637156,-1.1152554612993253,1.4932605493459907,,
30,6,84.59322412612084,0.2938372881693962,2.689695537805532,,
30,7,49.52382830338586,0.7370538917310943,1.5161324878315254,,
30,8,79.70714557169534,-1.5521783876864814,3.72477930204926,,
30,9,74.48785323757005,-0.3928726770251572,6.129481476120983,,
30,10,81.62241989377554,-1.93558168112448,0.7518818089527566,,
30,11,61.02384998932005,1.8599675209019704,1.5551073735148813,,
31,0,43.11264315056662,1.6744919633943494,2.027554124085475,,
31,1,15.790544250967136,0.9598992855855808,5.705723979000689,,
31,2,55.960047360288,-0.8061267932695232,0.1349905837516574,,
31,3,93.57419420442928,-1.817401473462796,2.1891631944784606,,
31,4,79.29122150828773,-1.2171196951048353,3.669339250719648,,
31,5,66.19775221233684,1.0504542527724536,0.488280466623156,,
31,6,96.11662684141746,1.3287208469186984,2.541672675957102,,
31,7,30.407587672861897,-0.661085587975867,3.189990621418436,,
31,8,61.81824535666723,-0.6908253926001001,2.0977896139087173,,
31,9,30.890900536156455,-0.9848905536750546,4.104753766594343,,
31,10,42.70227185724048,-0.3082280039722912,2.6762235898032385,,
31,11,78.88429143334947,0.79352630434533,2.704168783339053,,
31,12,32.23808577231607,0.8462154128086602,3.1140484662043986,,
31,13,46.56208212723879,2.310439115798126,1.2276131920352586,,
32,0,25.43334688898779,-0.6773616436869573,6.0502415548647015,,
32,1,34.45040326860063,1.3793663911549958,4.488044471170104,,
32,2,70.36284450287663,0.0269316961068971,4.862861586650382,,
32,3,74.64384245300465,-0.4747336079164377,4.671548134362595,,
32,4,19.61819777550889,-2.1345773059839077,0.2954045485520168,,
32,5,12.25060942450685,1.4364145928113508,1.4106145984806338,,
32,6,93.23228654621217,1.9730384621110983,2.9037688465705696,,
32,7,72.6078069544158,1.3468740717535803,3.521869840982067,,
32,8,34.26153345843309,-0.43438709298658,4.807350186532183,,
32,9,7.258603389072288,-2.211034064253306,2.6058475156155456,,
32,10,36.58024288159841,0.7315342827068655,0.6580400972711907,,
32,11,41.48685488559246,-0.5855240195843642,1.0137403591440002,,
32,12,79.7745291531833,1.5224566948068667,5.208720024048459,,
32,13,96.38673621066869,0.6657383049534454,2.62903200369201,,
33,0,86.18014249779603,0.0180682491476108,1.5718110709851432,,
33,1,17.13368835265161,-1.220272053255877,2.641496030706205,,
33,2,61.20488734310901,1.847816347818794,4.45379695601812,,
33,3,4.498034863496441,-0.2922514655160524,2.397852621412218,,
33,4,42.907770918906735,-0.3089171887282871,4.816374529839879,,
33,5,20.94298777104885,-1.854123102738632,4.627806254402265,,
33,6,81.98510015970908,1.290468421639401,4.573440335320319,,
33,7,34.96871447387921,-0.8003810733583872,3.1036748143443846,,
33,8,92.57207384903084,2.307598438851488,0.967522487112352,,
33,9,47.43061941477954,1.9651270221867765,0.9396978306605728,,
33,10,4.973531677905125,-0.849868763089689,5.254999627659474,,
33,11,19.02287849066188,0.1906770607550839,4.2323774712277205,,
34,0,47.31615879654904,0.3816662047191088,0.5192109837835851,,
34,1,85.41024036172689,-2.418988026559372,5.651555644774843,,
34,2,88.70582008308061,0.1002141096595876,4.107857317651438,,
34,3,15.109885177044168,1.923685541961861,4.805208035900164,,
34,4,89.35502805909843,-1.2622976676756148,1.388330157578908,,
34,5,27.40957350465738,-0.858476010476753,0.4866628902766445,,
34,6,1.3985140074000066,1.624808547122718,3.0055480950747486,,
34,7,62.441637059977324,-1.9540369124873147,6.247756214481842,,
34,8,14.457237771702886,2.1877625923967297,2.5218788221465864,,
34,9,83.6462790660763,2.096478689629236,0.3519924410936512,,
34,10,90.34748828659654,2.2163631625372093,1.908336213394308,,
34,11,67.71815687490457,-0.0567347538588325,2.2729554740082283,,
34,12,15.397389514911328,-0.6243043263798859,5.137515514977398,,
34,13,31.289528137427386,2.132728820829249,4.471088730373084,,
35,0,92.5833268179617,-2.4117471045560808,5.007707551533383,,
35,1,84.56424168467903,0.5673913213865034,3.239259525801911,,
35,2,34.821088261309455,-0.2126055920084585,1.6133359265945597,,
35,3,67.25507000267483,-1.841849774243736,0.0133045758040343,,
35,4,6.605839574301077,1.3933245853960865,0.5790683204616872,,
35,5,30.784149760027542,1.934065680001941,5.746447541515888,,
35,6,55.33973075711379,-1.4162996758061264,2.596648751495895,,
35,7,47.9939725746078,0.997283798850786,3.4082119974382272,,
35,8,78.68775653123704,1.998510634739441,1.1869929747947052,,
35,9,28.60287932420168,-0.8757686377208457,0.956562226740666,,
35,10,85.96394371286902,-2.0248427924595136,0.0058592694529032,,
35,11,41.58883941913756,2.2471509043314035,2.8713380001775146,,
35,12,43.756622351063626,-0.7581923821072145,1.698983252775244,,
36,0,34.83560529563537,2.0127502103549144,2.463205495624443,,
36,1,39.85997607893754,2.4791047034713665,2.831565976226358,,
36,2,89.55229638245008,-2.1799731670089417,4.167700493975762,,
36,3,21.73239570482746,2.241392355787404,4.134911575248405,,
36,4,41.494037974231055,1.8167939108609192,2.2866121021964725,,
36,5,90.33832958565549,-0.1099906063277739,5.507728479650259,,
36,6,39.64730349325664,0.4768538182156062,3.989512817799125,,
36,7,45.507064691304535,1.9375246282875964,0.4988820649463746,,
36,8,32.89442997185375,0.995491388671218,2.236247756089256,,
36,9,63.03887187305772,-0.4049537480049497,1.665131465135633,,
36,10,16.474675336431932,-0.6136656663206974,5.52076177698004,,
36,11,76.4115546135369,0.8020536403102546,3.72667049755469,,
36,12,73.1862614471012,2.413013591938901,5.640946315712675,,
36,13,59.89072633571492,-0.6634276063054573,1.220461040470571,,
37,0,56.51549792761731,-2.047574855680061,0.6954635162279008,,
37,1,53.1745213634696,-1.002586556876695,3.699171440179724,,
37,2,91.71778144285864,-0.4605531285447473,0.250978962021571,,
37,3,99.52544846574165,0.0283014755800403,3.2576633925379563,,
37,4,78.84207460956192,-2.1785775691810274,5.403071125945445,,
37,5,5.1485978204337535,-0.2384099918124482,2.8833918979682505,,
37,6,37.49149375396392,-0.1562827711966852,4.8097546963012165,,
37,7,45.70553009376656,-0.2255149013055207,1.203307714143149,,
37,8,79.65762902746143,-0.2859327949948659,5.227642161724243,,
37,9,81.74708950130862,2.13060695904069,2.111654778240009,,
37,10,1.38688739613889,-0.7218804003758289,0.2504065895197649,,
37,11,96.56157291072634,1.5982118931866522,5.733620802069416,,
37,12,95.73352913438008,-1.199957872294206,5.0334277651702335,,
37,13,33.16479667432135,0.5984943333591075,0.1862816982365794,,
38,0,84.27736281540261,0.1274830022419776,5.186322984636894,,
38,1,27.23843585281203,-1.0704906358904698,4.5601226657017015,,
38,2,28.374269112046385,2.3547866742189334,3.3280427068302605,,
38,3,66.71090170400834,0.5376364685558249,0.3791382251228112,,
38,4,96.42934119606107,-0.919713674200412,1.6708200357306793,,
38,5,55.136670493349925,-1.7027263180498708,5.373217494271703,,
38,6,41.78187663789443,1.4108493618216071,5.918153252174751,,
38,7,31.951222603524595,-0.7876151153102467,2.195481810772772,,
38,8,6.707652140335263,0.163327160359793,1.1619500738085875,,
38,9,91.45513875626456,-1.0559892534704378,6.096112906544649,,
38,10,83.32518698158947,0.3063852489659058,0.1532805877736675,,
38,11,34.83424126850188,2.2429286715629337,4.161857912291783,,
38,12,78.77569615574582,0.0539451760748183,1.0794706969622485,,
38,13,70.40731717016061,0.9788620992219128,3.9239555241124697,,
39,0,39.34381635375473,-1.7226361290763526,5.038082546616398,,
39,1,45.84662757375271,2.233491011671496,4.432065059008513,,
39,2,90.2960877181236,1.841224671606851,2.828873950185588,,
39,3,97.68448117925512,0.2707428436183295,4.388614396222236,,
39,4,22.766824425180264,1.9043976333318509,0.312437473481115,,
39,5,25.48777066554776,2.4861040302787742,0.7448128134015539,,
39,6,66.99160157646068,0.9211890924175414,0.4787861462210844,,
39,7,2.618664571765656,-2.257964573134788,1.097133865597262,,
39,8,42.12910721747507,1.3404768529867344,0.7237173596149018,,
39,9,54.44082023222323,1.5565418851632795,6.159512127805042,,
39,10,89.60721817266818,0.3008836032154427,3.785499424517154,,
39,11,17.032888650676952,2.218332015608784,1.7231130576419271,,
40,0,90.86886084783384,-0.9006751584729966,5.485229520744085,,
40,1,97.93486322362482,1.1569967212133108,5.098877454793191,,
40,2,83.19078669688108,1.4035186038726188,4.496190477042387,,
40,3,76.54294455735459,0.4671107302607302,1.3859968945480925,,
40,4,90.40650830142806,0.4231263828667958,1.709292965813081,,
40,5,39.00404581812355,-1.6366189302972205,4.935692868885525,,
40,6,48.24809073173091,-2.1893721301785343,6.0719207696143735,,
40,7,90.08362556045806,1.961029878127275,2.832874929245524,,
40,8,73.7862513895527,0.4822479816053798,2.048540285904364,,
40,9,49.48703249137725,-0.3756627027567605,3.5169029914268104,,
40,10,37.77597768297436,-1.5927588523205072,4.607910438683651,,
40,11,68.53887381142377,-1.4812829960421336,5.038866125490177,,
40,12,64.05103282083226,0.8797003370317125,4.561102336304409,,
40,13,39.50816147227355,1.3885642239222733,3.37432891173205,,
41,0,35.36680861677196,-1.3191931019630687,3.828591776182485,,
41,1,95.21281578029247,2.38970868669394,4.583774255978891,,
41,2,52.80112444192858,-2.267076112148601,2.272171444193229,,
41,3,51.748591517654425,1.932950271049092,1.231635720627949,,
41,4,48.14255230326114,2.293040317126811,2.894733113515822,,
41,5,71.2297453268842,1.1888011849749676,5.697585977302339,,
41,6,31.18234636966405,-1.7856887994607906,4.83782572155186,,
41,7,24.807229519603524,-1.312870789265479,3.549213779283769,,
41,8,98.90211057985452,-1.2225840539137374,1.999092588732912,,
41,9,69.86414516601528,-0.5637620239747587,1.641630899179535,,
41,10,44.72677552862591,1.076915892713992,4.345475611999364,,
41,11,33.81926804657228,1.67716833827877,0.6400614293612945,,
42,0,69.46261535718503,-1.3825894196702082,5.126137673843695,,
42,1,32.02382883779701,-1.0409022576798987,4.781170004018916,,
42,2,41.59405403337185,-0.613260012877101,0.9116224412175667,,
42,3,3.070271798888613,0.5535579456908746,2.5359224788228305,,
42,4,97.22176344309364,-0.4524155030941923,2.8204406003625544,,
42,5,66.27429268216011,1.2065587101543274,2.2383659473459097,,
42,6,88.16521601501495,1.1558966880663673,1.795049075064912,,
42,7,70.76120708012263,-0.3829892217098357,2.9606592113725414,,
42,8,41.8140757925315,-1.9786773291609645,2.2394541331938767,,
42,9,10.941068042989608,1.6054873685139095,5.471809134407186,,
42,10,47.814216212107645,2.336056357559644,5.935877188330248,,
42,11,69.29902710835427,1.541585196515386,1.420294731345682,,
42,12,64.75813525986287,-0.0711139167591817,4.085428949114868,,
42,13,31.69591997826461,-0.1403217116829458,3.9886713749781495,,
42,14,81.997102680361,2.2043326153852445,1.523244063788557,,
43,0,63.54340258280423,-0.7857659611172857,5.899765667378387,,
43,1,6.286452681646687,0.5009643372049571,1.709767943444762,,
43,2,93.71046624574495,0.0372333229548155,5.206600127195759,,
43,3,19.73055028482051,0.6462799044185857,2.3462069823829816,,
43,4,2.0756332864212443,2.291328768220903,5.95413373841553,,
43,5,85.83272432042094,1.40279556491273,6.201667087602784,,
43,6,73.30500367493751,0.0037119784715355,4.086314679125247,,
43,7,50.93306104777091,0.707841581848907,4.858373643271409,,
43,8,13.92943071807121,1.5295500362314658,5.254285452175533,,
43,9,12.188101284311344,0.2942746590393846,3.1959663956917987,,
43,10,82.16498831199921,-1.9843745997564903,4.626300952140112,,
43,11,75.32747308720252,-0.9221311604025562,0.7850884626806427,,
43,12,76.39734217185062,1.6304491020172796,3.2668158702201144,,
43,13,32.83006279940622,0.2132421155447778,4.162605822923599,,
43,14,60.01225806557613,-1.3503502106198444,6.161871630092398,,
44,0,2.618338704872703,-2.261468764254035,2.327001047629881,,
44,1,20.478993273797684,0.1865832996992678,3.96192336167092,,
44,2,76.87864480700954,-2.0785592017152017,2.856701994622162,,
44,3,58.910332234435785,-0.5829208459257684,4.835276976135975,,
44,4,59.7372092006675,0.4611561519638035,5.217619064661172,,
44,5,26.635625512049163,-1.707958858418146,1.7877920593489858,,
44,6,4.298581425969385,-1.018428136296633,3.311676553821376,,
44,7,60.70286643322017,-1.9534792024817824,6.017254080331558,,
44,8,36.516397440623614,-0.5214819582269875,4.997443941065641,,
44,9,79.56600777677559,2.4805372954113274,5.466569325943737,,
44,10,70.26950809237924,1.0461806678231005,5.066786253697174,,
44,11,43.65464909062442,0.9057559644354896,1.3253522975128946,,
44,12,77.7988841956111,-0.7048469076175373,4.86840095833847,,
45,0,85.52634339347031,-0.8406649985043224,4.601494288297089,,
45,1,20.67446564866257,2.4236918503807967,2.9826786164922563,,
45,2,52.30758916234549,2.065178457676621,2.830039882651856,,
45,3,28.07638660832089,-2.0253254281023296,2.7726839295463424,,
45,4,42.51544197663517,1.4776398167281577,4.307329211160659,,
45,5,57.42525156706861,-0.9195730905723992,4.192884314306425,,
45,6,78.24954697793683,0.2370740165531804,5.576552230887085,,
45,7,45.94421771426258,-0.7787205524012858,0.1182846911668421,,
45,8,11.333585745943155,-1.3146937841815989,4.370074933534541,,
45,9,56.78183056480885,-0.2583146808037956,1.603916469216436,,
45,10,55.32207924658137,1.6688355652602365,1.301646039090496,,
45,11,12.074925122562227,-0.0234931401807336,3.1243709083025584,,
45,12,43.28035232980191,-2.381337699180758,6.258467489144644,,
45,13,95.68186866014643,-0.4129129622245697,5.542990975214823,,
46,0,14.46272274404694,-1.2915533797780654,5.277364978786414,,
46,1,84.82427714333879,1.1175561275762198,1.303515873341353,,
46,2,96.44495177365332,2.4779126302813075,2.217297139083815,,
46,3,53.77192447657061,-0.4573958041324527,2.870390495588384,,
46,4,61.75482728089929,0.9218140729051816,0.5407709927438307,,
46,5,60.43302302776355,2.157140598413524,3.506026709778133,,
46,6,24.939319397401384,-0.7643646102233814,0.17814751550982,,
46,7,79.9208354964331,0.3042898586595188,1.2495699616043543,,
46,8,60.19680702950629,2.0626868942577268,1.631432928201272,,
46,9,28.15957248053084,-0.0101750331103511,2.4582938926149698,,
46,10,52.46688387529672,0.7076940399333231,5.665623263851166,,
46,11,2.579340302626221,-0.5145643428250352,4.9675505075135895,,
46,12,94.88565628757598,-1.1317678569719103,4.014480213304946,,
47,0,72.13771863654284,-0.972911556320928,0.0052835035043865,,
47,1,10.058511506485106,0.2815216170771895,4.209465042771921,,
47,2,38.90599959016846,-0.1854947338024232,0.518267468622328,,
47,3,65.86694445368313,-1.2971647250127072,5.61384545252252,,
47,4,98.85091342431764,-2.4441571264091038,4.828890999986146,,
47,5,10.401977282854356,-2.2857877606201757,6.132405777245888,,
47,6,74.51491054136571,2.2610431470573387,1.5087542184692042,,
47,7,35.758676894654,0.9765429493152572,1.961870517332532,,
47,8,22.7662797015822,-0.134989570493631,0.1943740995927448,,
47,9,76.74441068623005,-0.3512026934307277,1.7600134683617648,,
47,10,5.953526688925205,-0.4647772447300524,1.1768100866841271,,
47,11,18.94613035378673,-0.956660024301591,4.429277141308119,,
47,12,56.061223523826754,-1.9075932571590504,0.1228976707063913,,
47,13,30.035024361199604,1.159945080463609,5.896059881364828,,
48,0,95.24886570396704,-1.822436879102895,6.001578662508226,,
48,1,71.53460922058758,1.674194433182297,3.331966851893573,,
48,2,92.74200273439418,0.4209567307240475,4.47044437338359,,
48,3,26.39575691644661,-2.085371065538321,6.003141791633514,,
48,4,49.706159622812486,1.4670740515156973,0.4252865897454442,,
48,5,52.688161485257496,0.2133461783013907,0.5450956277088839,,
48,6,23.163911113371007,-1.6373623696516326,2.050153640405425,,
48,7,65.35832885003913,1.0452362506509216,4.36997428815928,,
48,8,64.86166036450788,-0.0643296767115075,0.98897306032493,,
48,9,5.194888378014432,-1.246138957086671,3.3882218539847018,,
48,10,41.38992851250102,0.8564907540493344,2.2739439627562628,,
48,11,72.94256453635501,-2.029338404436301,5.955420872805854,,
48,12,51.497689719526086,-1.984994552847743,0.4168383486759986,,
48,13,97.40605225195604,-2.167680314680587,0.368812674452233,,
48,14,46.80805527931582,-1.00201991198342,0.2083111174439951,,
49,0,85.34668765573726,1.863843506445284,0.1596669321714415,,
49,1,68.98019028542889,1.0091729482174698,6.224505651701829,,
49,2,53.77500806842002,-2.4873160950309234,1.367480640742483,,
49,3,79.80301950880789,0.4726004680133666,0.2080238242194354,,
49,4,72.01174657665597,-0.3653237718590502,3.2952985543376263,,
49,5,18.008866634844246,-0.9952313079316156,1.6496145169018437,,
49,6,89.59589507578049,0.614117150630521,3.4445051793138983,,
49,7,49.551632422176425,0.2893653456079303,6.26173895675394,,
49,8,41.76588169584279,2.166115864508532,2.349065039132348,,
49,9,93.74790005503831,1.24493444060353,5.703031463622325,,
49,10,45.25142593809899,0.4793761769151805,5.218985865160116,,
49,11,12.879797199770795,1.0752141107594149,3.0589496491110766,,
49,12,48.100550737003566,0.1695390487863624,1.985839999806652,,
49,13,75.89220727700153,1.8927410840144223,2.7897026926632327,,
